File_Number,Filename,Analysis_Date,Title,Album,Artist,Genre,Duration_Seconds,Sample_Rate,Estimated_Key,Key_Confidence,Average_Pitch,Pitch_Std,Pitch_Range,Tempo_BPM,Beat_Regularity,Beat_Average_Interval,Beat_Density,Beat_Strength,Average_Spectral_Centroid,Spectral_Centroid_Std,Average_Spectral_Rolloff,Average_Spectral_Bandwidth,Spectral_Contrast_Mean,Spectral_Contrast_Std,Spectral_Entropy,RMS_Energy_Mean,RMS_Energy_Std,Dynamic_Range,Peak_Energy,Valley_Energy,Crest_Factor,Harmonic_Energy,Percussive_Energy,Harmonic_Ratio,Tonal_Energy_Ratio,Average_Chroma,Chroma_Std,Chroma_Max,Chroma_Min,Zero_Crossing_Rate_Mean,Zero_Crossing_Rate_Std,MFCC_1_Mean,MFCC_1_Std,MFCC_1_Delta_Mean,MFCC_1_Delta2_Mean,MFCC_2_Mean,MFCC_2_Std,MFCC_2_Delta_Mean,MFCC_2_Delta2_Mean,MFCC_3_Mean,MFCC_3_Std,MFCC_3_Delta_Mean,MFCC_3_Delta2_Mean,MFCC_4_Mean,MFCC_4_Std,MFCC_4_Delta_Mean,MFCC_4_Delta2_Mean,MFCC_5_Mean,MFCC_5_Std,MFCC_5_Delta_Mean,MFCC_5_Delta2_Mean,MFCC_6_Mean,MFCC_6_Std,MFCC_6_Delta_Mean,MFCC_6_Delta2_Mean,MFCC_7_Mean,MFCC_7_Std,MFCC_7_Delta_Mean,MFCC_7_Delta2_Mean,MFCC_8_Mean,MFCC_8_Std,MFCC_8_Delta_Mean,MFCC_8_Delta2_Mean,MFCC_9_Mean,MFCC_9_Std,MFCC_9_Delta_Mean,MFCC_9_Delta2_Mean,MFCC_10_Mean,MFCC_10_Std,MFCC_10_Delta_Mean,MFCC_10_Delta2_Mean,MFCC_11_Mean,MFCC_11_Std,MFCC_11_Delta_Mean,MFCC_11_Delta2_Mean,MFCC_12_Mean,MFCC_12_Std,MFCC_12_Delta_Mean,MFCC_12_Delta2_Mean,MFCC_13_Mean,MFCC_13_Std,MFCC_13_Delta_Mean,MFCC_13_Delta2_Mean,Onset_Rate,Onset_Strength_Mean,Onset_Strength_Std,Groove_Consistency,Pulse_Clarity
6,06 Race Car Ya-Yas.flac,2024-11-12 08:25:31,Race Car Ya-Yas,Fashion Nugget,CAKE,Indie / Alternative,81.12,44100,C,18.470254175305367,1460.7861328125,1059.1170654296875,3854.361328125,120.18531976744185,0.025627346178721318,0.5051493445060143,1.8737672583826428,1.177836298942566,2957.757750739535,1700.5076107266934,5895.93152994419,3344.546920331823,18.10539968791944,6.062741578621675,-28658052.0,0.17625007033348083,0.08281943947076797,0.41967785358428955,0.41967785358428955,0.0,4.937703609466553,0.021981529891490936,0.006078812293708324,3.6160895365420718,0.5795583888431581,0.4214164912700653,0.30591920018196106,1.0,0.0,0.06882788183761449,0.06430775749417064,-133.91433715820312,102.09691619873047,4.367140427063987e-09,-4.094194316905941e-09,139.3253173828125,46.53810501098633,2.1835702135319934e-09,3.0024092101399447e-09,-31.714250564575195,23.62268829345703,-2.1835702135319934e-09,4.435376954603498e-09,22.867599487304688,20.46717071533203,5.458925533829984e-10,-1.5012046050699723e-09,-2.798403739929199,16.142656326293945,9.553119406646715e-10,7.164839832540792e-10,9.101082801818848,16.516162872314453,1.228258272867322e-09,2.388279851661679e-10,-3.005674123764038,14.200420379638672,1.3647314389686471e-09,8.188388300744975e-10,9.634035110473633,10.780035018920898,5.458925533829984e-10,4.4353770656258007e-10,-5.911886215209961,9.696852684020996,2.729462766914992e-10,4.776559703323358e-10,-4.3045477867126465,11.128097534179688,2.729462766914992e-10,-6.823657194843236e-10,-3.964292526245117,9.663599967956543,8.188388300744975e-10,-5.458925533829984e-10,5.840608596801758,9.122087478637695,1.0235485792264853e-09,0.0,-1.9876545667648315,8.723440170288086,-5.458925533829984e-10,-6.482474002034166e-10,5.239151873767258,1.177836298942566,1.2896959781646729,0.04589621256678153,0.20596127212047577
8,08 Stickshifts And Safetybelts.flac,2024-11-12 08:25:45,Stickshifts And Safetybelts,Fashion Nugget,CAKE,Indie / Alternative,129.14666666666668,44100,E,17.040776946320964,956.2868041992188,838.3963012695312,3852.642333984375,143.5546875,0.021139285358696795,0.42181578513758444,2.245508982035928,1.2815879583358765,2698.608721631692,1583.1731117601696,5713.708851638349,3567.023779821687,17.60986628497163,5.974328084288883,-49316896.0,0.2130974531173706,0.08831507712602615,0.4740876853466034,0.4740876853466034,0.0,4.119317054748535,0.028464460745453835,0.01017722673714161,2.7968778922734914,0.5349334527001323,0.45869556069374084,0.30424991250038147,1.0,0.0,0.045189762492695976,0.0490270186204729,-148.0465850830078,94.19688415527344,2.7433997296100188e-09,2.0575496861852116e-09,132.1298828125,46.03886795043945,1.3716998648050094e-09,5.572530437092382e-09,-0.2852051854133606,24.46917152404785,6.858499324025047e-10,-8.144467877890804e-10,46.67600631713867,22.997634887695312,6.858499324025047e-10,-2.143281108146766e-09,0.8193925023078918,19.707252502441406,-1.2002373539488076e-09,-4.2865620775156543e-11,22.882421493530273,13.573284149169922,0.0,-1.3288342648465346e-09,-4.401755332946777,14.586357116699219,1.2002373539488076e-09,6.429842769328786e-11,6.359116554260254,11.261746406555176,1.7146248310062617e-10,-1.586027975619686e-09,-0.9672357439994812,10.189927101135254,-8.573124155031309e-11,5.35820242342222e-11,8.593367576599121,9.317090034484863,-6.858499324025047e-10,-1.7146248310062617e-10,-4.128300666809082,9.89957046508789,1.2859685538657573e-10,-7.501483323402169e-10,-1.2357358932495117,9.050332069396973,1.7146248310062617e-10,-5.679694492499721e-10,-5.569085597991943,9.339579582214355,0.0,9.001780432171813e-10,5.691203799297956,1.2815879583358765,1.4581372737884521,0.03914192619018595,0.19033703207969666
12,12 She'll Come Back To Me.flac,2024-11-12 08:25:46,She'll Come Back To Me,Fashion Nugget,CAKE,Indie / Alternative,144.97333333333333,44100,G,15.750356068211978,872.4073486328125,751.8406982421875,3854.416015625,95.703125,0.017811522922830135,0.6280997732426304,1.5244182838223121,1.075878620147705,2293.2794418160497,1287.7418622305415,5151.650282700259,3366.4352601893247,19.398159640083158,6.1549166077478645,-63812176.0,0.2483440637588501,0.08861670643091202,0.4704847037792206,0.4704847037792206,0.0,3.4765524864196777,0.04842348396778107,0.005403172690421343,8.962046161770994,0.6964612364898208,0.4682841897010803,0.2885250449180603,1.0,0.0,0.03546137201439497,0.030319223269327174,-148.68751525878906,90.73016357421875,7.331844020797007e-09,2.291201228743489e-09,146.02308654785156,40.740875244140625,1.2219739664587337e-09,-1.412907457698509e-09,3.6014223098754883,21.67540168762207,4.582402457486978e-09,-4.0096020947899547e-10,42.86967849731445,18.79578399658203,-3.6659220103985035e-09,7.446404048927491e-10,3.0578250885009766,17.140766143798828,-6.109869832293668e-10,-4.0096020947899547e-10,26.77145004272461,12.488184928894043,-7.637337429144964e-10,3.627735334355009e-10,0.6774952411651611,10.633167266845703,9.928539101977663e-10,5.823469484411703e-10,7.196882247924805,9.421340942382812,-1.374720670632712e-09,-1.71840083829089e-10,-0.17124934494495392,9.633456230163574,-6.109869832293668e-10,-1.8616010122318727e-10,3.22410249710083,9.22514533996582,-2.6730681557118885e-10,-8.496537917679348e-10,-0.6524565815925598,9.515539169311523,-6.109869832293668e-10,5.155202931206304e-10,-0.7561205625534058,9.981282234191895,8.401070950014855e-10,2.386667807829923e-10,-3.8298499584198,8.286086082458496,0.0,2.0048010473949773e-10,3.5799687298813576,1.075878620147705,1.2885254621505737,0.03911699438987864,0.19552303850650787
9,"09 Perhaps, Perhaps, Perhaps.flac",2024-11-12 08:25:48,"Perhaps, Perhaps, Perhaps",Fashion Nugget,CAKE,Indie / Alternative,144.33333333333334,44100,C,17.89807812643051,1239.9771728515625,954.9417114257812,3854.2431640625,114.84375,0.028380026736748477,0.5269764224866266,1.8013856812933025,1.3126047849655151,2979.674617299373,1718.28609092848,6012.989353489232,3669.0138644635454,18.288944465674767,6.132117016774391,-41950908.0,0.16294226050376892,0.09108269214630127,0.44414204359054565,0.44414204359054565,0.0,4.952924728393555,0.01910761371254921,0.007614557631313801,2.509353055919693,0.5483336047833052,0.4526079297065735,0.30257171392440796,1.0,0.0,0.05722603619942487,0.06490922741897291,-165.65322875976562,108.28815460205078,-4.909520345819374e-09,6.443745537154655e-09,130.14138793945312,47.465415954589844,1.2273800864548434e-09,1.304091279408226e-09,-12.15418529510498,24.72761344909668,2.1479151790515516e-09,1.7643588812177313e-09,26.35268783569336,21.940610885620117,1.841070074171114e-09,8.150570773857169e-10,-0.21227045357227325,18.9224853515625,-7.671125540342771e-11,2.1095594715525579e-10,21.568744659423828,14.47879695892334,1.0739575895257758e-09,9.301239778380932e-10,-2.042107582092285,13.070507049560547,4.602675185427785e-10,1.5725807323008212e-09,8.352007865905762,11.976325035095215,-1.2273800864548434e-09,9.588906751956117e-11,-0.7934325933456421,9.775447845458984,-8.438237886210231e-10,-4.794453167811241e-10,2.675309896469116,11.138012886047363,-3.4520064584597776e-10,4.4108972030443283e-10,-4.607098579406738,10.197432518005371,9.588906335622482e-10,8.150570773857169e-10,4.873067855834961,9.390585899353027,-3.0684502161371086e-10,-1.3424469869072198e-10,-2.3626606464385986,9.249521255493164,-7.671125540342771e-11,-2.3013375927138924e-10,4.939953810623556,1.3126047849655151,1.6299082040786743,0.041798809220119505,0.1874343752861023
2,02 The Distance.flac,2024-11-12 08:25:59,The Distance,Fashion Nugget,CAKE,Indie / Alternative,180.57333333333332,44100,C,18.702085713982584,1387.16796875,1055.59716796875,3854.34375,184.5703125,0.01464819513540274,0.32777056671966365,2.8963302074872628,1.1144107580184937,3445.279546058727,1635.931752091843,7300.02858928471,3875.7633747136683,18.320360846335547,6.95900376481184,-62734112.0,0.18039578199386597,0.08645908534526825,0.4597594141960144,0.4597594141960144,0.0,4.93149995803833,0.019457174465060234,0.008913644589483738,2.1828528220353776,0.48619092249638685,0.49409475922584534,0.2881406247615814,1.0,0.0,0.07490288998207857,0.07206877107264359,-120.44581604003906,98.16065979003906,-7.848162120183133e-09,1.6861285700997541e-09,115.14602661132812,38.017147064208984,1.4715303420231862e-09,2.9430606840463724e-09,-17.542621612548828,23.117460250854492,-1.2262753312786145e-10,5.211669984461764e-10,36.747867584228516,22.892047882080078,-2.452550662557229e-10,1.2262753312786145e-10,-6.975521564483643,18.28261375427246,1.9007266871540196e-09,-5.364954591691173e-10,15.252815246582031,18.563695907592773,0.0,-5.978091910385785e-10,-6.063600063323975,12.513958930969238,3.6788258550579656e-10,-8.737211509846077e-10,12.432320594787598,11.941672325134277,-6.131376517615195e-10,3.5255415253843125e-10,-3.5252888202667236,10.882719993591309,6.131376517615195e-10,-3.908752488346323e-10,6.942869663238525,13.616456031799316,0.0,1.5328441640982682e-11,-2.903292655944824,8.328169822692871,0.0,2.8357616255192397e-10,4.06266975402832,9.799600601196289,-6.744514391421319e-10,-3.6788258550579656e-10,-2.6170482635498047,9.667434692382812,4.138679121634681e-10,3.985394791961028e-10,2.6914273056191393,1.1144107580184937,1.1535134315490723,0.05580911393114801,0.11859598755836487
3,03 Friend Is A Four Letter Word.flac,2024-11-12 08:26:10,Friend Is A Four Letter Word,Fashion Nugget,CAKE,Indie / Alternative,202.18666666666667,44100,C,13.586807596951726,1125.8533935546875,878.843505859375,3854.395263671875,132.51201923076923,0.01896336591499607,0.45411597019760286,2.0822342389870747,0.9226697683334351,2227.666846549212,1297.9725231864024,4494.730650436047,3121.676113212918,19.15551942920056,6.174986825039787,-61833748.0,0.1661888211965561,0.06864745169878006,0.3951167166233063,0.3951167166233063,0.0,5.185686111450195,0.021558348089456558,0.0031622517853975296,6.81740382194331,0.6667940203153006,0.42530205845832825,0.2853620946407318,1.0,0.0,0.043448451631136954,0.036188768694679005,-159.62477111816406,98.38682556152344,3.504746270976966e-09,-3.018736594029292e-09,159.30715942382812,41.147613525390625,0.0,1.0746975531716885e-09,-9.914551734924316,22.851564407348633,1.752373135488483e-09,1.7797539830777254e-10,26.536836624145508,19.14634895324707,1.0952332374358775e-09,1.437493568623438e-09,-1.7050714492797852,16.139328002929688,-4.3809328387212076e-10,1.2732086496214379e-09,8.623140335083008,17.45952033996582,0.0,-2.7038568606307933e-10,-7.220616340637207,12.15239429473877,-1.0952332374358775e-09,-3.8333161644921177e-10,2.4002113342285156,10.928638458251953,7.666632328984235e-10,-8.556509667467793e-11,-6.713557720184326,11.454347610473633,7.666632328984235e-10,4.038672452022496e-10,0.745548665523529,10.690771102905273,-5.749974385516055e-10,-4.6547410370578746e-10,-4.757618427276611,8.992012977600098,5.476166187179388e-10,4.4493850270832525e-10,6.71240758895874,8.434327125549316,7.666632328984235e-10,-3.148795391094694e-10,2.6187899112701416,8.912637710571289,-6.571398980526055e-10,0.0,3.7341730414138747,0.9226697683334351,0.936894416809082,0.05224324087236626,0.14410538971424103
10,10 It's Coming Down.flac,2024-11-12 08:26:11,It's Coming Down,Fashion Nugget,CAKE,Indie / Alternative,224.42666666666668,44100,E,17.521769472432233,1333.7105712890625,942.2671508789062,3854.322509765625,120.18531976744185,0.013211474527489407,0.4994720244687022,1.920449144486692,1.0325950384140015,2573.1283369424846,1247.8062570445286,5257.677248291281,3130.3657323374723,18.685070036216757,6.2150843938904305,-80681552.0,0.18370521068572998,0.0770876556634903,0.4233735203742981,0.4233735203742981,0.0,4.794394493103027,0.02389485575258732,0.005722375120967627,4.175688386359749,0.6020199407888999,0.48210227489471436,0.28179094195365906,1.0,0.0,0.05370133908941596,0.037222516700194004,-131.66256713867188,86.5093002319336,9.47211553636862e-09,-4.4400541576727903e-10,151.1102294921875,39.60771560668945,-1.5786859597355374e-09,1.3443497426379736e-09,-32.1594123840332,23.464092254638672,-7.893429798677687e-10,2.6393656149537037e-09,25.027738571166992,27.224119186401367,9.866787387124987e-10,5.303398276090832e-10,-7.873989582061768,16.568384170532227,9.866787248347109e-11,-4.3167194818671817e-10,18.19161605834961,14.514915466308594,1.9733574496694217e-10,2.343361893419882e-10,-3.033975601196289,12.778718948364258,-5.42673295189644e-10,1.2950157612934277e-10,14.692420959472656,11.313504219055176,-1.9733574496694217e-10,2.0966922642529084e-10,-0.21248264610767365,9.271501541137695,-6.906751282009793e-10,1.7266878205024483e-10,2.5332019329071045,10.34447193145752,4.933393693562493e-10,-2.466696812086777e-11,0.6042783856391907,9.536969184875488,-5.920072210230387e-10,-4.563389111034155e-10,4.731710910797119,9.683309555053711,0.0,4.933393624173554e-11,2.711273431777954,8.429465293884277,-4.933393624173554e-11,-6.166742116953117e-10,3.408685836501901,1.0325950384140015,1.1783210039138794,0.045698107218574514,0.15455718338489532
5,05 Daria.flac,2024-11-12 08:26:11,Daria,Fashion Nugget,CAKE,Indie / Alternative,224.54666666666665,44100,C,14.858404005885124,1260.2862548828125,993.0648803710938,3854.315185546875,123.046875,0.02162234688174331,0.49470952328095186,1.914969419868179,1.0947186946868896,3185.3558630701723,1877.5278121172491,6739.966058886401,3699.3783853824816,18.645166058233706,6.250848899839408,-65741160.0,0.15256282687187195,0.07963111996650696,0.4482700526714325,0.4482700526714325,0.0,5.669137477874756,0.017367294058203697,0.004668781533837318,3.719877137181365,0.5864004616742102,0.4289989471435547,0.30520033836364746,1.0,0.0,0.06711283268057494,0.07128372824379905,-159.94268798828125,120.82247924804688,-0.00037153466837480664,-2.4956820197985508e-05,126.81118774414062,43.386268615722656,-0.0005210117669776082,-3.4581062209326774e-05,-12.228095054626465,25.434415817260742,-0.0005079533439129591,-3.253128670621663e-05,32.38092803955078,21.22404670715332,-0.00048679293831810355,-2.9318631277419627e-05,-6.0673909187316895,16.707618713378906,-0.00045839411905035377,-2.5237472073058598e-05,11.240485191345215,16.594467163085938,-0.00042387735447846353,-2.0654628315242007e-05,-2.708049774169922,13.990286827087402,-0.000384537415811792,-1.5983758203219622e-05,9.649724960327148,10.510663032531738,-0.0003417674743104726,-1.1642755453067366e-05,-3.5893325805664062,9.74849796295166,-0.00029694949625991285,-8.019011147553101e-06,2.2674925327301025,10.918734550476074,-0.0002513811632525176,-5.429714747151593e-06,-6.73714017868042,9.816975593566895,-0.00020619345013983548,-4.095348685950739e-06,5.84225606918335,9.29478931427002,-0.00016229647735599428,-4.116699074074859e-06,-0.20137062668800354,9.80076789855957,-0.00012033603707095608,-5.464686637424165e-06,4.230746392732024,1.0947186946868896,1.2009004354476929,0.04163454530094991,0.19627980887889862
4,04 Open Book.flac,2024-11-12 08:26:12,Open Book,Fashion Nugget,CAKE,Indie / Alternative,224.93333333333334,44100,F,16.46786842153685,1046.502685546875,801.5381469726562,3853.96142578125,103.359375,0.027701367088051185,0.5854133168418882,1.569353882631891,1.0532909631729126,2475.623254622572,1283.9730416618793,5211.488603830645,3341.1298255588445,19.187778148952205,6.182696333519954,-95064048.0,0.21682336926460266,0.0973687544465065,0.5363060235977173,0.5363060235977173,0.0,4.030335903167725,0.038476381450891495,0.005068107042461634,7.591864254117388,0.6810517797602271,0.444023996591568,0.28960123658180237,1.0,0.0,0.04428245967741935,0.03591752984202416,-137.0630645751953,99.54607391357422,0.00029122355044819415,-8.749758853809908e-05,146.54452514648438,41.29937744140625,0.00040820628055371344,-0.0001195739969261922,-9.446730613708496,24.966033935546875,0.0003977630694862455,-0.00010793283581733704,25.84205436706543,24.248519897460938,0.0003819544508587569,-9.116838191403076e-05,-2.158277988433838,21.39609146118164,0.00036269333213567734,-7.247502799145877e-05,20.557397842407227,14.599424362182617,0.000341915205353871,-5.5094933486543596e-05,-3.1567206382751465,12.333893775939941,0.00032105023274198174,-4.145661660004407e-05,1.616365671157837,12.05492877960205,0.00030069431522861123,-3.2618198019918054e-05,-8.701722145080566,10.007115364074707,0.00028052908601239324,-2.8065183869330212e-05,0.24631376564502716,10.620078086853027,0.0002594920515548438,-2.596419471956324e-05,-5.038674354553223,10.815521240234375,0.00023617499391548336,-2.375533767917659e-05,5.166260719299316,9.774038314819336,0.00020929137826897204,-1.892474938358646e-05,-0.49938786029815674,9.294177055358887,0.00017812229634728283,-9.73173609963851e-06,4.459098992294013,1.0532909631729126,1.128482460975647,0.040758340805120814,0.15636089444160461
11,11 Nugget [Edit].flac,2024-11-12 08:26:14,Nugget [Edit],Fashion Nugget,CAKE,Indie / Alternative,238.38666666666666,44100,G#,18.034340065613506,1368.79150390625,1031.81591796875,3854.35986328125,191.40625,0.014671117403132547,0.3130983631801589,3.154538844454388,1.1560685634613037,2385.3008578234458,1244.4856269705754,4555.963509008365,3036.2684485492073,17.75357176846435,6.169592651987091,-86851896.0,0.19020263850688934,0.08123372495174408,0.48577654361724854,0.48577654361724854,0.0,4.5965094566345215,0.02233278751373291,0.007695662323385477,2.9019967723465014,0.5220849260349673,0.4587600529193878,0.2936122417449951,1.0,0.0,0.05062567916585497,0.04364250782884091,-136.8738555908203,77.1066665649414,-2.9725395478408245e-09,-1.0682564832720232e-09,156.64683532714844,38.616859436035156,-7.431348869602061e-10,1.7533339224939937e-09,-31.533245086669922,26.618513107299805,5.573511652201546e-10,2.020398071067575e-09,29.18143081665039,20.097867965698242,-1.8578372174005153e-10,-2.5545263127035867e-10,10.252410888671875,19.136850357055664,-2.6938640207418985e-09,-1.555938711206295e-09,-0.7971926927566528,14.833291053771973,-3.7156744348010307e-10,-3.4834449214038443e-10,6.734765529632568,12.03266429901123,5.573511652201546e-10,-1.2772631563517933e-10,0.27055153250694275,10.940001487731934,-2.5545263127035867e-10,-4.586535873318809e-10,0.11287524551153183,10.380091667175293,6.502430260901804e-10,1.161148260875322e-11,4.024829864501953,9.987130165100098,-4.644593043501288e-11,-6.386315365425332e-10,-3.4136078357696533,9.33753776550293,-4.1801337391511595e-10,5.979913786369195e-10,6.671922206878662,10.858406066894531,0.0,3.4834449214038443e-10,-6.707057476043701,9.247095108032227,-9.289186087002577e-10,6.966889565251932e-11,4.832485038313105,1.1560685634613037,1.1117135286331177,0.047417080576990976,0.1377895474433899
1,01 Frank Sinatra.flac,2024-11-12 08:26:16,Frank Sinatra,Fashion Nugget,CAKE,Indie / Alternative,241.08,44100,G,14.789962359791993,1320.593994140625,1035.303466796875,3854.248291015625,114.84375,0.021297317755449196,0.5236738854563232,1.8126762900282063,1.1674673557281494,2313.019504105096,1432.225410518025,4539.792379943716,2861.4229545664916,18.676650350866428,6.172161250646773,-79018760.0,0.17553681135177612,0.09614060074090958,0.416928768157959,0.416928768157959,0.0,4.687936782836914,0.025309376418590546,0.0052541447803378105,4.817030553021847,0.6318441510639611,0.4569794833660126,0.2899389863014221,1.0,0.0,0.04835127185919817,0.048675168574729796,-182.8579559326172,110.45001983642578,1.4696642791633963e-09,3.6741606979084906e-10,150.61065673828125,56.02580261230469,2.204496363233943e-09,1.3778101992656389e-09,-27.677974700927734,28.2453556060791,-1.285956230390184e-09,-4.363065742030159e-10,42.274044036865234,23.743635177612305,-1.6533723279366086e-09,7.003868596200391e-10,7.364316463470459,18.905153274536133,1.1022481816169716e-09,-6.42978115195092e-10,13.082192420959473,15.581649780273438,-1.6533723279366086e-09,5.855693707701448e-10,6.695562839508057,13.08638858795166,-1.4926277991378356e-09,-3.444525498164097e-10,7.107500076293945,12.999845504760742,-7.807591240194256e-10,-2.2963504361928067e-11,-0.4500863552093506,10.446245193481445,-1.60744528798773e-10,-6.200145952206526e-10,-0.28850167989730835,9.293022155761719,3.21489057597546e-10,2.0093066099846624e-10,-3.684131622314453,9.894543647766113,-2.296350332109398e-10,-5.051971063707583e-10,1.0398675203323364,9.603254318237305,-5.051971063707583e-10,6.889051135106072e-11,1.0682547092437744,8.102556228637695,-2.5259855318537916e-10,5.166788108468268e-10,3.3432885349261654,1.1674673557281494,1.6878350973129272,0.049907436133585815,0.12785905599594116
7,07 I Will Survive.flac,2024-11-12 08:26:26,I Will Survive,Fashion Nugget,CAKE,Indie / Alternative,310.68,44100,C,16.716356322646142,1264.38525390625,966.369140625,3854.412353515625,191.40625,0.012827140961029552,0.3107663468806326,3.1414960731299084,1.1770464181900024,3222.3162171050894,1567.4431924286066,6955.6897136876405,3937.732201963232,18.271654887369642,5.725124192816068,-128513264.0,0.20859231054782867,0.08916649222373962,0.4314578175544739,0.4314578175544739,0.0,4.4080891609191895,0.03212646394968033,0.0062729474157094955,5.121430375310051,0.6242764331591861,0.4236147105693817,0.30017685890197754,1.0,0.0,0.059406256568806055,0.049647974935173096,-115.86248016357422,95.78304290771484,1.140417760225887e-09,3.0470534984061715e-09,126.8465805053711,37.524139404296875,1.9957309138618484e-09,-1.862088261361805e-09,-12.904212951660156,29.11944580078125,9.265894163057453e-10,-1.4967982409075375e-09,26.50562858581543,22.202281951904297,-8.55313264658264e-10,-9.087703922716628e-10,-4.847161293029785,15.078304290771484,3.5638055007058966e-11,-6.236659105818276e-11,15.25136947631836,14.938578605651855,1.4255222002823587e-10,2.4501162210199823e-10,1.1262481212615967,12.84525203704834,2.8510444005647173e-10,7.038515326129868e-10,13.325408935546875,9.980467796325684,-6.414849762492736e-10,-4.811137044313796e-10,-4.396695613861084,8.568140029907227,3.385615121587193e-10,1.9600929213048346e-10,0.9601874947547913,9.003009796142578,2.3164735407643633e-10,1.6928075607935966e-10,-8.583404541015625,8.434435844421387,8.196752165900989e-10,-8.01856220311592e-11,5.101571083068848,8.827112197875977,-1.2473318211636553e-10,-3.251972302553696e-10,-0.3928200900554657,8.007635116577148,2.672854160223892e-10,-5.768909794312549e-10,5.475086906141367,1.1770464181900024,1.1973857879638672,0.0469524203496414,0.12477026879787445
14,14 Sad Songs And Waltzes.flac,2024-11-12 08:26:36,Sad Songs And Waltzes,Fashion Nugget,CAKE,Indie / Alternative,195.94666666666666,44100,A,12.037333740801007,858.1005859375,729.5469360351562,3854.23095703125,112.34714673913044,0.03768604395368372,0.5399347381228915,1.679028307022319,0.8643662929534912,1960.5666981001293,1665.510734688097,3608.1281643680013,2951.951516503401,20.5975388738468,6.033806592819227,-38270996.0,0.13932858407497406,0.06827640533447266,0.38051608204841614,0.38051608204841614,0.0,5.46976375579834,0.01963093690574169,0.0011250560637563467,17.448850589109934,0.8154101967254679,0.37394362688064575,0.30447065830230713,1.0,0.0,0.03643547860010072,0.06269752472403632,-248.69798278808594,86.26517486572266,1.8081276476067387e-09,3.001774523392342e-11,153.2083282470703,47.08966827392578,5.424382720775611e-09,-6.497958837670126e-10,14.187507629394531,28.104799270629883,-1.921135694971099e-09,-6.215438719259225e-10,22.963407516479492,31.81932258605957,9.040638238033694e-10,-7.204258301030109e-10,4.571516036987305,21.558029174804688,1.5821116639003208e-09,8.475598001211893e-10,16.012523651123047,17.800033569335938,-3.390239200484757e-10,3.1430344438199143e-10,-7.246067523956299,14.1620454788208,1.1300797797542117e-10,-1.0523867333134262e-09,0.698647677898407,16.439958572387695,-1.6951196002423785e-10,-1.5891746252272299e-10,-5.734493732452393,13.180131912231445,-1.0170717601454271e-09,-8.510913085402194e-10,-7.300710201263428,14.157377243041992,-4.520319119016847e-10,6.074178937609531e-10,-12.856266975402832,11.854512214660645,5.085358800727136e-10,-7.062998796936171e-11,-6.577548503875732,14.290750503540039,-7.910558319501604e-10,8.758118119622793e-10,-7.8047404289245605,11.966867446899414,7.910558319501604e-10,1.73043468443268e-10,3.1028851388132828,0.8643662929534912,0.9081613421440125,0.03986886738519183,0.15681910514831543
13,13 Italian Leather Sofa.flac,2024-11-12 08:26:57,Italian Leather Sofa,Fashion Nugget,CAKE,Indie / Alternative,352.4533333333333,44100,C,18.918557497769594,1390.2479248046875,984.5001220703125,3854.411376953125,105.46875,0.03860701086532763,0.5743174448391416,1.665468714534312,1.1375454664230347,2623.6779782575068,1377.6129810195662,5171.606086636965,3244.3575004976956,18.69807011365857,6.271290696487489,-133123432.0,0.19010977447032928,0.08096831291913986,0.3855205774307251,0.3855205774307251,0.0,4.526358127593994,0.026423385366797447,0.005311275832355022,4.974960010236431,0.6188449914433066,0.3995767831802368,0.2949255108833313,1.0,0.0,0.056597101412724816,0.04960722642081309,-138.868896484375,96.38713836669922,4.021026178691045e-09,-4.1466834410641695e-09,144.10772705078125,43.16807556152344,2.0105130893455225e-09,1.162327900594562e-09,-29.527986526489258,26.007417678833008,3.141426563324501e-10,-2.1989986220827262e-10,20.4118595123291,20.226240158081055,1.2565706253298004e-09,8.167709286688307e-10,-3.2678370475769043,16.16244888305664,-7.53942408504571e-10,2.9843552629138514e-10,14.354768753051758,16.85553550720215,6.282853126649002e-10,-4.319461732738006e-10,-2.6607861518859863,14.575451850891113,1.2251564207588217e-09,-8.795994488330905e-10,8.777519226074219,13.650580406188965,0.0,1.2565706808409516e-10,-5.858253002166748,10.579051971435547,-5.968710525827703e-10,1.6492490706454532e-10,-2.94696307182312,12.176288604736328,-5.340425324185105e-10,-1.8063203710561027e-10,-7.810887813568115,11.113819122314453,-4.3979972441654525e-10,-9.738422290794801e-10,3.2885730266571045,12.586596488952637,1.8848560212614274e-10,3.141426702102379e-11,-2.661144256591797,10.24074935913086,4.240925943754803e-10,-4.5943365778455814e-10,4.823333585533782,1.1375454664230347,1.2302751541137695,0.04627432907440021,0.12946943938732147
3,03 Never There.flac,2024-11-12 08:27:55,Never There,Prolonging The Magic,CAKE,Indie / Alternative,164.26666666666668,44100,C,17.489626998126507,1166.9549560546875,988.5867919921875,3854.298828125,126.04801829268293,0.018166548320247326,0.47390476190476194,1.9541396103896103,1.4409154653549194,2415.788217879901,1402.5014605151434,5097.505303488762,3210.543438615287,18.855336068401783,7.364712896628432,-55497464.0,0.19046847522258759,0.10034119337797165,0.48194605112075806,0.4820325970649719,8.65567781147547e-05,4.591858863830566,0.023491479456424713,0.009546802379190922,2.460664657892407,0.5068564258014938,0.5203810334205627,0.28369319438934326,1.0,0.00017680376186035573,0.04363969240317337,0.0409893962308676,-171.98480224609375,102.42193603515625,-0.0005808541900478303,1.5897761841188185e-05,137.52638244628906,48.49582290649414,-0.0008178663556464016,2.1650139387929812e-05,-5.04892635345459,27.69219398498535,-0.0008071822812780738,1.9173174223396927e-05,42.659427642822266,26.980911254882812,-0.0007896434399299324,1.514299219707027e-05,0.2675296664237976,20.17394256591797,-0.0007656464586034417,9.698777830635663e-06,20.9029541015625,15.408156394958496,-0.0007357264985330403,3.024473471668898e-06,-3.8991940021514893,15.701212882995605,-0.0007005469524301589,-4.6515465328411665e-06,10.746881484985352,13.342418670654297,-0.0006608631811104715,-1.3068553016637452e-05,-0.040113672614097595,12.30291748046875,-0.000617523561231792,-2.1942041712463833e-05,1.5241776704788208,12.066866874694824,-0.0005714255967177451,-3.0978651921031997e-05,1.314634084701538,11.774297714233398,-0.0005234952550381422,-3.9880087570054457e-05,3.871713161468506,11.384675979614258,-0.0004746564372908324,-4.835789150092751e-05,-0.8236047625541687,10.639701843261719,-0.00042581348679959774,-5.614840847556479e-05,5.351055194805195,1.4409154653549194,2.283123731613159,0.04008233711029848,0.18769992887973785
1,01 Satan Is My Motor.flac,2024-11-12 08:28:09,Satan Is My Motor,Prolonging The Magic,CAKE,Indie / Alternative,192.06666666666666,44100,E,18.47363867287889,1371.63623046875,992.069091796875,3854.206787109375,103.359375,0.025633332569573914,0.585998329156224,1.6869142658799028,1.26564359664917,3425.2879596424204,1454.8515063147743,7211.332280585107,4036.629185865148,17.38094888306912,5.42120489338723,-65377724.0,0.1773756444454193,0.06575820595026016,0.4156324863433838,0.4156324863433838,0.0,5.165714740753174,0.018886491656303406,0.007630111649632454,2.475257542225797,0.5277339524050952,0.4503430128097534,0.2914590537548065,1.0,0.0,0.06630900104456298,0.05297571657381526,-113.60159301757812,79.19282531738281,6.714457185807987e-07,-2.4210784488332138e-08,120.7340316772461,40.513282775878906,9.67509095062269e-07,-3.873725518133142e-08,-16.628719329833984,23.56865882873535,9.594388075129245e-07,-3.5833402023399685e-08,30.15041732788086,17.79387092590332,9.511379630566807e-07,-3.572531781514954e-08,-1.4501769542694092,16.45207405090332,9.377643550578796e-07,-3.702232476143763e-08,18.7025089263916,12.480339050292969,9.203556601278251e-07,-3.507681611836233e-08,-7.184947967529297,11.445430755615234,9.021399591802037e-07,-3.464447928536174e-08,9.572121620178223,10.423476219177246,8.768915336077043e-07,-3.463367193035083e-08,-1.9090487957000732,9.485688209533691,8.535742495041632e-07,-3.200723242002823e-08,3.8658981323242188,9.247262954711914,8.228784622588137e-07,-3.070302057039953e-08,-3.7072713375091553,8.714323043823242,7.914044317658409e-07,-2.9564537484816356e-08,3.6489038467407227,8.993404388427734,7.547567975052516e-07,-2.9153818914551266e-08,-2.4740872383117676,8.608521461486816,7.159474648688047e-07,-2.7546972702907624e-08,4.430753210690733,1.26564359664917,1.549114465713501,0.03775776362384797,0.11575733870267868
11,11 Let Me Go.flac,2024-11-12 08:28:11,Let Me Go,Prolonging The Magic,CAKE,Indie / Alternative,209.69333333333333,44100,A,17.685478764469934,1357.658203125,950.3408813476562,3854.26953125,109.95678191489361,0.017511915496297235,0.5498703348742812,1.7310993832262989,1.308130145072937,3903.278777520238,1874.9811069986529,8473.63851118716,4401.036512813856,18.073758696275863,5.548336808273616,-70058088.0,0.16727925837039948,0.08185652643442154,0.4415147304534912,0.4415147304534912,0.0,5.0691657066345215,0.016924811527132988,0.008240550756454468,2.0538446788270854,0.4879737363620241,0.4498693645000458,0.2951611876487732,1.0,0.0,0.07890181107954546,0.06315078512597762,-130.2557373046875,101.50206756591797,-3.3792024733969583e-09,2.5872020081862956e-09,109.22187805175781,44.74485397338867,-8.448006183492396e-10,1.5840011524659303e-09,-9.619539260864258,25.38953399658203,1.0560007729365495e-10,-1.3200010529068607e-10,19.631994247436523,23.028902053833008,-2.3232018531160747e-09,-2.112001545873099e-10,0.49759092926979065,19.096372604370117,-1.9008015161858793e-09,-2.6664019880939804e-09,27.314279556274414,16.743030548095703,-2.112001545873099e-10,3.1680022494207094e-10,0.41580116748809814,13.75527572631836,9.504007580929397e-10,-8.712006671629524e-10,9.079535484313965,10.517618179321289,1.0560008423254885e-09,1.3332009940469902e-09,-5.934820652008057,9.807090759277344,1.1088008289306117e-09,5.214003673259526e-10,1.4176013469696045,10.626933097839355,-4.224003091746198e-10,-4.686003252096782e-10,-6.518630504608154,9.920097351074219,-5.2800038646827474e-11,3.6960026705834537e-10,4.573183536529541,9.29802417755127,-3.4320024600020815e-10,-9.504007580929397e-10,-4.054527759552002,8.288067817687988,5.280004211627443e-10,-2.442001878488753e-10,5.107458510841228,1.308130145072937,1.6546728610992432,0.03112520034848233,0.17434172332286835
10,10 Alpha Beta Parking Lot.flac,2024-11-12 08:28:11,Alpha Beta Parking Lot,Prolonging The Magic,CAKE,Indie / Alternative,210.06666666666666,44100,G,19.3777352044213,1043.845458984375,842.6478881835938,3854.43017578125,95.703125,0.01814626115593811,0.6349182713259027,1.4662012059663598,1.2000508308410645,3174.414788938987,1608.6033472497174,7093.012593845853,4213.893674646533,17.81003734429853,5.860397541342754,-78919584.0,0.19306541979312897,0.07096773386001587,0.4140625298023224,0.4140625298023224,0.0,4.537038803100586,0.02228098176419735,0.0068497727625072,3.2528059267708205,0.526593906759743,0.4637429118156433,0.2875107526779175,1.0,0.0,0.054638844584185366,0.04591506396843145,-125.61864471435547,96.91981506347656,-1.686613182450003e-09,-5.059839214283102e-09,127.6048583984375,39.07941818237305,4.216532900613856e-09,2.1082664780625038e-10,7.053463935852051,23.853965759277344,-1.686613182450003e-09,9.487198804336572e-10,30.992324829101562,18.661088943481445,2.529919607141551e-09,-6.193032753287753e-10,1.3909544944763184,16.774200439453125,-8.960132080737537e-10,-3.425932870726456e-10,18.118574142456055,12.41080093383789,4.743599402168286e-10,1.4494332123415887e-10,1.057847261428833,12.22438907623291,6.851865741452912e-10,-8.433065912250015e-10,13.749590873718262,9.667777061462402,-9.487198804336572e-10,1.31766653144183e-10,-2.542365074157715,9.505134582519531,2.8988664246831775e-10,6.983632561130548e-10,5.913639068603516,9.485259056091309,3.689466232525973e-10,7.774232368973344e-10,-2.611989736557007,8.075937271118164,-3.689466232525973e-10,7.905998772317346e-11,7.2904372215271,8.264307022094727,1.0541332390312519e-10,1.3506082363612393e-10,-2.4569945335388184,7.908257961273193,7.905998772317346e-11,1.5482581883219382e-10,3.998730561726436,1.2000508308410645,1.5066859722137451,0.05418153868790839,0.12776274979114532
12,12 Cool Blue Reason.flac,2024-11-12 08:28:14,Cool Blue Reason,Prolonging The Magic,CAKE,Indie / Alternative,207.86666666666667,44100,G,14.212175393409497,1202.9727783203125,1013.33251953125,3854.388671875,166.70866935483872,0.012866498257565437,0.36250571016285305,2.6507376523412445,1.0612156391143799,2582.9273952880585,1427.8199135022774,5491.718444568556,3458.751911528575,18.589044502835822,5.869390364134054,-60219848.0,0.17227351665496826,0.0740361362695694,0.4806036055088043,0.4806036055088043,0.0,5.271927833557129,0.02239971235394478,0.0038418127223849297,5.830505906854523,0.637057875553337,0.5018693208694458,0.28251779079437256,1.0,0.0,0.043056288833426416,0.032013915074762145,-164.6752166748047,95.30970001220703,0.0,-5.539353864492114e-09,140.60064697265625,46.61332321166992,8.522082484141436e-10,2.476730376343994e-09,-12.249835968017578,26.64370346069336,4.261041297581869e-09,4.127883868054738e-10,36.58861541748047,17.825878143310547,-8.522082484141436e-10,1.7709953503697307e-09,13.04788875579834,16.3020076751709,8.788397787284907e-10,-5.059986873945377e-10,14.844137191772461,14.817713737487793,-5.326301621977336e-10,-7.057349704631122e-10,0.33845752477645874,10.872537612915039,-1.0652603243954673e-09,1.997363108241501e-10,10.779274940490723,10.605623245239258,-5.326301552588397e-11,7.856295058950025e-10,4.6051025390625,8.8340482711792,6.391562279439711e-10,-2.6631507762941986e-11,1.3698550462722778,8.784377098083496,-3.1957811397198554e-10,5.459458995993316e-10,0.5575864911079407,8.460821151733398,-1.3315753881470993e-11,6.524719653455691e-10,4.812928676605225,8.988365173339844,-2.130520621035359e-10,-5.992089602280259e-10,1.7303282022476196,9.55759334564209,2.663150810988668e-10,-1.331575405494334e-10,3.1221937139191787,1.0612156391143799,1.4967361688613892,0.04140850526300823,0.14583133161067963
4,04 Guitar.flac,2024-11-12 08:28:17,Guitar,Prolonging The Magic,CAKE,Indie / Alternative,220.93333333333334,44100,C,22.928120373398063,1194.9105224609375,870.0986938476562,3854.16552734375,99.38401442307692,0.016958614745473083,0.6085842737865859,1.5706095353047675,1.3254855871200562,2942.9110645367205,1352.6656447158284,6387.336447590975,3950.830882973537,17.92894747624684,6.059161868391392,-68140792.0,0.1711300164461136,0.06715288758277893,0.46620097756385803,0.4662514925003052,5.051774132880382e-05,5.377377986907959,0.019142456352710724,0.005057368893176317,3.785062228708008,0.5664170951150711,0.45606541633605957,0.2908506691455841,1.0,0.00014948709576856345,0.051360311022070414,0.028849997739268815,-138.17593383789062,87.16358947753906,0.0003881858428940177,-7.961090886965394e-05,139.6103973388672,40.427734375,0.0005329314735718071,-0.00010589278099359944,-9.54017162322998,23.370746612548828,0.0004876519087702036,-8.777264156378806e-05,14.625853538513184,18.703916549682617,0.00042096187826246023,-6.330979522317648e-05,8.542413711547852,16.9022274017334,0.00034340695128776133,-3.874919639201835e-05,18.155366897583008,12.039458274841309,0.0002658811863511801,-1.939745015988592e-05,-0.09325516223907471,10.390734672546387,0.00019797676941379905,-8.382718078792095e-06,13.523174285888672,9.53370189666748,0.0001471305004088208,-6.548755663970951e-06,2.870382308959961,8.789898872375488,0.00011802346125477925,-1.3069678971078247e-05,7.808719635009766,8.615497589111328,0.0001116828279918991,-2.6068284569191746e-05,-3.506718873977661,8.552078247070312,0.0001244371524080634,-4.2831805330934e-05,8.075235366821289,8.769712448120117,0.00014765714877285063,-5.98091610299889e-05,3.7883970737457275,6.838073253631592,0.00016923515067901462,-7.287418702617288e-05,5.703077851538926,1.3254855871200562,1.74042546749115,0.031944592156066855,0.17594248056411743
2,02 Mexico.flac,2024-11-12 08:28:19,Mexico,Prolonging The Magic,CAKE,Indie / Alternative,206.4,44100,C,13.508656295597554,979.4804077148438,725.007568359375,3853.8447265625,147.65625,0.014481764460085015,0.4041366491951972,2.369186046511628,1.0624650716781616,2369.81104458978,1511.154467000845,4885.97438888215,3322.6624799357564,19.316770599546526,5.698310170077821,-62565580.0,0.170552060008049,0.06869928538799286,0.44373053312301636,0.4437329173088074,2.384185791015625e-06,5.134414196014404,0.02178860269486904,0.004265483468770981,5.108120179946449,0.6444819911421339,0.4142523407936096,0.29658669233322144,1.0,0.0022733097430318594,0.04256462297150973,0.03168173987743376,-168.67648315429688,100.40692901611328,0.0004949639551341534,-2.2129181161290035e-05,156.14451599121094,46.29828643798828,0.0006969154346734285,-3.136090890620835e-05,3.7822299003601074,24.970291137695312,0.0006878064596094191,-3.1536430469714105e-05,17.272035598754883,22.65142822265625,0.0006728649022988975,-3.175405799993314e-05,-6.200685024261475,18.701183319091797,0.0006524720229208469,-3.1919244065647945e-05,16.234167098999023,12.88022232055664,0.0006271714228205383,-3.189917333656922e-05,-0.4079402685165405,12.81273365020752,0.0005976656684651971,-3.154666774207726e-05,7.217952728271484,11.077678680419922,0.0005648030783049762,-3.071095125051215e-05,-2.0088820457458496,9.1412992477417,0.0005295408191159368,-2.9248627470224164e-05,1.6371055841445923,9.201018333435059,0.0004929000861011446,-2.7034988306695595e-05,-1.3247019052505493,9.453462600708008,0.00045590027002617717,-2.397868229309097e-05,8.870077133178711,9.357665061950684,0.0004195019428152591,-2.0029785446240567e-05,5.890962600708008,9.345333099365234,0.00038454949390143156,-1.518065073469188e-05,3.8420542635658914,1.0624650716781616,1.3984477519989014,0.041021154099190264,0.1877182573080063
9,09 Hem Of Your Garment.flac,2024-11-12 08:28:21,Hem Of Your Garment,Prolonging The Magic,CAKE,Indie / Alternative,215.90666666666667,44100,C,20.33258690258861,1329.5126953125,943.757568359375,3854.322509765625,120.18531976744185,0.011715982891011665,0.503558169030324,1.91749521398135,1.2917712926864624,3086.9683459879125,1989.8949280073016,6205.385839071826,3683.052645752578,16.96859341980414,5.2059978673753955,-26280150.0,0.09112755954265594,0.059221528470516205,0.34671178460121155,0.34671178460121155,0.0,8.86439037322998,0.0035458507481962442,0.004968389868736267,0.7136820520346852,0.30019967438293094,0.451364129781723,0.2936824560165405,1.0,0.0,0.07042230223624778,0.07910311786994172,-203.5769805908203,95.76012420654297,4.922984242483608e-09,4.666578679035638e-09,133.66883850097656,46.808616638183594,4.102486683699169e-10,-1.5897135829945341e-09,-20.160137176513672,29.955533981323242,6.15373030310451e-10,-1.794837889423917e-10,15.97309684753418,22.139389038085938,4.102486683699169e-10,1.205105459867184e-09,0.3958855867385864,20.14274787902832,8.461378819824006e-10,-1.6153541837482521e-09,9.762680053710938,15.610015869140625,1.230746060620902e-09,3.9742839574863353e-10,1.368539810180664,13.216058731079102,-5.384513945827507e-10,5.640919398253175e-10,6.745880126953125,11.887062072753906,-2.56405424670092e-10,1.858939252530334e-10,-1.5288764238357544,11.178704261779785,4.6152975885505043e-10,-2.724307446300145e-10,1.2218871116638184,10.880318641662598,-5.640919398253175e-10,-2.8204596991265873e-10,-0.10273057222366333,8.472502708435059,-2.0512433418495846e-10,-3.8460812312735015e-10,3.5193638801574707,8.521429061889648,-1.128183879650635e-09,9.743406081952344e-10,0.7168748378753662,8.500701904296875,-2.3076487942752522e-10,3.8460814394403187e-11,4.552893225467795,1.2917712926864624,1.7784003019332886,0.039489213266700636,0.18633124232292175
5,05 You Turn The Screws.flac,2024-11-12 08:28:22,You Turn The Screws,Prolonging The Magic,CAKE,Indie / Alternative,240.69333333333333,44100,C,18.72545967575908,1335.1458740234375,991.0772705078125,3854.3349609375,95.703125,0.016859863063951715,0.6298412698412699,1.483215156215378,1.2501072883605957,3739.8104579888254,1885.570593647796,8091.381508563904,4373.408887647358,17.003701313999212,5.349397101204188,-47568720.0,0.12245883047580719,0.06651588529348373,0.3480686545372009,0.3480871617794037,1.8504722902434878e-05,7.033924579620361,0.009261228144168854,0.004227726254612207,2.190593091264146,0.47686923763229566,0.4325205087661743,0.29853418469429016,1.0,0.00010303036833647639,0.07374664901330069,0.06095789072193116,-162.3055419921875,103.75408935546875,-0.0005356090841814876,-9.109912934945896e-05,113.12599182128906,41.41254806518555,-0.0007258935365825891,-0.0001230358611792326,-6.516571044921875,25.926259994506836,-0.0006415796233341098,-0.00010689542978070676,24.31085968017578,20.520458221435547,-0.0005305162630975246,-8.395701297558844e-05,5.258852481842041,15.326513290405273,-0.00042188671068288386,-5.914946086704731e-05,15.640422821044922,14.404436111450195,-0.0003354605578351766,-3.7568635889329016e-05,2.146465539932251,12.534451484680176,-0.00027561740716919303,-2.309406227141153e-05,6.773685455322266,11.281569480895996,-0.0002344778913538903,-1.7378444681526162e-05,-2.772653579711914,9.3541259765625,-0.00020098520326428115,-1.9639101083157584e-05,4.16825532913208,9.497310638427734,-0.00016963061352726072,-2.736096939770505e-05,-3.0424976348876953,9.295884132385254,-0.000143416749779135,-3.762241613003425e-05,2.1766576766967773,9.064973831176758,-0.00012990774121135473,-4.8338130000047386e-05,-0.16757941246032715,8.230960845947266,-0.0001337880821665749,-5.874230919289403e-05,4.640760026589851,1.2501072883605957,1.7575052976608276,0.04043092976424209,0.17868486046791077
8,08 When You Sleep.flac,2024-11-12 08:28:23,When You Sleep,Prolonging The Magic,CAKE,Indie / Alternative,238.33333333333334,44100,G,15.980122653187728,1274.6363525390625,1007.07666015625,3854.40869140625,109.95678191489361,0.014894511206130761,0.544518889316733,1.7832167832167831,1.2476216554641724,3243.08403136224,2027.3046603110135,6775.643841962133,3813.4059411040794,18.74464023973563,5.656451375900337,-51877584.0,0.13093604147434235,0.06751815229654312,0.3778276741504669,0.3778435289859772,1.5843626897549257e-05,6.7101874351501465,0.010274576023221016,0.005528651177883148,1.8584236022126221,0.473402698498731,0.4270620346069336,0.30550315976142883,1.0,0.00028917656163685024,0.06441502150920649,0.06393587565305116,-175.08631896972656,102.26824188232422,1.6337287433998426e-06,4.199158865958452e-06,123.73228454589844,46.087913513183594,3.2302934869221644e-06,5.787361715192674e-06,-7.588070392608643,26.34731674194336,5.567164862441132e-06,5.181402684684144e-06,31.308874130249023,24.783002853393555,8.246966899605468e-06,3.842407750198618e-06,2.1075971126556396,18.259235382080078,9.993303137889598e-06,1.7924654684975394e-06,15.274097442626953,17.40355682373047,9.805810805119108e-06,-4.415894352405303e-07,-2.016038656234741,14.35328483581543,7.239033493533498e-06,-2.155766651412705e-06,12.54764175415039,11.339116096496582,2.459373263263842e-06,-2.9737575459876098e-06,-0.7608520984649658,10.8119478225708,-3.8091691294539487e-06,-3.113604407189996e-06,0.5651816129684448,10.986958503723145,-1.0399481652711984e-05,-3.1440151815331774e-06,-2.6358747482299805,9.550474166870117,-1.5888439520495012e-05,-3.4556583159428556e-06,2.2906763553619385,9.188617706298828,-1.8921486116596498e-05,-3.956152795581147e-06,-3.2219748497009277,9.059406280517578,-1.8643777366378345e-05,-4.243674084136728e-06,4.623776223776224,1.2476216554641724,1.6413869857788086,0.0375343013877029,0.19592198729515076
6,06 Walk On By.flac,2024-11-12 08:28:26,Walk On By,Prolonging The Magic,CAKE,Indie / Alternative,226.04,44100,D,16.9080996070117,1061.796630859375,799.4105224609375,3854.26171875,103.359375,0.019966256792218418,0.5824803023431595,1.663422403114493,1.1438994407653809,3067.544929152587,1747.2413579353367,6778.756304771764,3935.0112035460306,18.010602932441767,5.425397087567292,-71996664.0,0.17143146693706512,0.06649097055196762,0.4169137477874756,0.41692987084388733,1.6113992387545295e-05,5.314606666564941,0.020162010565400124,0.005090966355055571,3.960350307430978,0.5963196358717167,0.415205180644989,0.2944038212299347,1.0,0.002180138835683465,0.054271771274717516,0.04112814768821024,-134.0454864501953,93.52508544921875,5.958059409749694e-05,2.9314978746697307e-05,139.88148498535156,42.320655822753906,8.426190470345318e-05,4.145375351072289e-05,-3.371966600418091,26.999235153198242,8.423397957812995e-05,4.14544774685055e-05,21.945850372314453,18.88186264038086,8.418078505201265e-05,4.1454597521806136e-05,-7.421939373016357,17.769207000732422,8.41011424199678e-05,4.14531423302833e-05,12.20710563659668,12.556538581848145,8.398666977882385e-05,4.1447630792390555e-05,-1.5381919145584106,11.408931732177734,8.383423846680671e-05,4.143972182646394e-05,7.707279682159424,10.16850757598877,8.363537926925346e-05,4.142351826885715e-05,-4.533369541168213,9.395461082458496,8.338385669048876e-05,4.13972775277216e-05,-0.5878397822380066,9.084189414978027,8.306946256197989e-05,4.136222560191527e-05,-3.4309630393981934,9.232921600341797,8.26914983917959e-05,4.131262539885938e-05,8.642230033874512,9.905475616455078,8.224062185036018e-05,4.124669430893846e-05,-0.5426982641220093,8.975290298461914,8.171786612365395e-05,4.116398486075923e-05,4.12316404176252,1.1438994407653809,1.503166913986206,0.046533241639662326,0.17985838651657104
7,07 Sheep Go To Heaven.flac,2024-11-12 08:28:27,Sheep Go To Heaven,Prolonging The Magic,CAKE,Indie / Alternative,228.09333333333333,44100,C,20.16688999038935,1335.9539794921875,1008.2875366210938,3854.42724609375,103.359375,0.016945883976263672,0.5842973812216179,1.6659846846320219,1.1832611560821533,3278.0233649389,1133.4058094506063,7087.313992355703,3951.298516701379,17.269494489005353,5.6675645329280115,-79144400.0,0.1756117343902588,0.0728142186999321,0.41357824206352234,0.41364896297454834,7.071754225762561e-05,5.199373722076416,0.017865777015686035,0.0066582509316504,2.6832537449789715,0.4943128583742456,0.4846484363079071,0.2861684560775757,1.0,0.0014053714694455266,0.06183727755827862,0.034828555315049914,-114.74811553955078,88.60974884033203,-2.349513306398876e-05,-2.117111398547422e-05,123.2718734741211,37.42081069946289,-3.457711500232108e-05,-2.2705380615661852e-05,-17.33654022216797,22.60341453552246,-3.849238783004694e-05,-5.990159024804598e-06,37.07073974609375,19.012083053588867,-4.434073343873024e-05,9.5893246907508e-06,0.43121543526649475,15.941424369812012,-5.057449379819445e-05,1.6627314835204743e-05,18.90128517150879,12.081171989440918,-5.488571332534775e-05,1.5730443919892423e-05,-6.859140396118164,11.094786643981934,-5.5150110711110756e-05,1.2175305528216995e-05,8.207672119140625,10.103301048278809,-5.0581871619215235e-05,8.730085937713739e-06,-3.6173572540283203,9.463228225708008,-4.222808274789713e-05,2.6044865535368444e-06,5.101982593536377,9.419522285461426,-3.242786260670982e-05,-1.0199630196439102e-05,1.041311264038086,8.379509925842285,-2.368414970987942e-05,-2.8048338208463974e-05,7.935861587524414,8.670148849487305,-1.7849612049758434e-05,-4.218674439471215e-05,-0.32754215598106384,8.113712310791016,-1.5977866496541537e-05,-4.305646871216595e-05,3.866838136435377,1.1832611560821533,1.3690993785858154,0.039329664759760304,0.20280802249908447
13,13 Where Would I Be-.flac,2024-11-12 08:28:51,Where Would I Be?,Prolonging The Magic,CAKE,Indie / Alternative,233.05333333333334,44100,C,15.157835207998753,886.7949829101562,714.54931640625,3853.6611328125,151.99908088235293,0.014483147118192515,0.39530403873261016,2.385720006865381,0.9523130655288696,2412.7293058145005,1502.1600464854419,5257.608190028925,3449.9335835069187,18.88718575623147,6.409145220486693,-55231724.0,0.15091493725776672,0.08508533239364624,0.48360878229141235,0.48360878229141235,0.0,5.705955982208252,0.019725708290934563,0.0035806535743176937,5.50896849712598,0.6571840516128821,0.4595542848110199,0.29438507556915283,1.0,0.0,0.037646742210072734,0.03391338770419594,-199.51870727539062,111.26992797851562,4.560761990290985e-09,-2.1853650000736025e-09,139.70574951171875,43.97403335571289,1.5202539227487932e-09,-1.9003174034359915e-10,8.927682876586914,28.431182861328125,1.4252380386992058e-09,4.0381745169959515e-10,26.43988800048828,21.48118782043457,2.660444531343842e-09,8.076349033991903e-10,1.3638941049575806,17.227624893188477,-1.0451746135231588e-09,-4.5726389341638196e-10,18.97234535217285,13.876453399658203,9.501587294735714e-10,-1.4014841509535358e-09,1.6997265815734863,11.4150972366333,-7.601269613743966e-10,-2.4941665399680346e-10,9.083069801330566,10.045652389526367,7.126190193496029e-10,-5.463412500184006e-10,-2.836838483810425,8.625466346740723,6.888650760927817e-10,1.4846229801079858e-10,-0.9074804782867432,9.77580451965332,-5.938491920431943e-10,-3.800634806871983e-10,-0.33338284492492676,8.214801788330078,1.4252381219659327e-10,-3.414633020781821e-10,4.259782791137695,9.155296325683594,-2.8504762439318654e-10,2.3160119655418754e-10,-0.016500204801559448,8.351360321044922,4.750793647367857e-10,-3.800634806871983e-10,3.484181017220665,0.9523130655288696,1.2474654912948608,0.04663566416342315,0.12904144823551178
